captured_at	value
2021-12-19T00:46:22.000Z	3900
2021-12-19T00:46:27.000Z	3900
2021-12-19T00:46:32.000Z	4300
2021-12-19T00:46:36.000Z	4400
2021-12-19T00:46:42.000Z	4200
2021-12-19T00:46:47.000Z	4100
2021-12-19T00:46:52.000Z	4000
2021-12-19T00:46:57.000Z	4500
2021-12-19T00:47:02.000Z	4600
2021-12-19T00:47:06.000Z	4600
2021-12-19T00:47:12.000Z	4500
2021-12-19T00:47:17.000Z	4300
2021-12-19T00:47:22.000Z	4400
2021-12-19T00:47:27.000Z	4100
2021-12-19T00:47:32.000Z	3900
2021-12-19T00:47:36.000Z	4000
2021-12-19T00:47:42.000Z	4300
2021-12-19T00:47:47.000Z	4500
2021-12-19T00:47:52.000Z	4700
2021-12-19T00:47:57.000Z	4400
2021-12-19T00:48:02.000Z	4200
2021-12-19T00:48:06.000Z	4600
2021-12-19T00:48:12.000Z	4700
2021-12-19T00:48:17.000Z	4400
2021-12-19T00:48:22.000Z	4500
2021-12-19T00:48:27.000Z	4600
2021-12-19T00:48:32.000Z	4800
2021-12-19T00:48:36.000Z	4700
2021-12-19T00:48:42.000Z	4400
2021-12-19T00:48:47.000Z	4500
2021-12-19T00:48:52.000Z	4600
2021-12-19T00:48:57.000Z	4700
2021-12-19T00:49:02.000Z	5400
2021-12-19T00:49:06.000Z	5200
2021-12-19T00:49:12.000Z	4800
2021-12-19T00:49:17.000Z	5000
2021-12-19T00:49:22.000Z	5600
2021-12-19T00:49:27.000Z	5700
2021-12-19T00:49:32.000Z	5300
2021-12-19T00:49:36.000Z	5400
2021-12-19T00:49:42.000Z	5200
2021-12-19T00:49:48.000Z	5000
2021-12-19T00:49:53.000Z	4600
2021-12-19T00:49:58.000Z	4200
2021-12-19T00:50:03.000Z	3400
2021-12-19T00:50:08.000Z	3300
2021-12-19T00:50:12.000Z	3500
2021-12-19T00:50:18.000Z	3600
2021-12-19T00:50:23.000Z	2800
2021-12-19T00:50:28.000Z	2800
2021-12-19T00:50:33.000Z	3000
2021-12-19T00:50:38.000Z	2800
2021-12-19T00:50:42.000Z	2800
2021-12-19T00:50:48.000Z	2900
2021-12-19T00:50:53.000Z	3000
2021-12-19T00:50:58.000Z	3000
2021-12-19T00:51:03.000Z	3200
2021-12-19T00:51:08.000Z	3500
2021-12-19T00:51:12.000Z	3600
2021-12-19T00:51:18.000Z	3800
2021-12-19T00:51:23.000Z	4100
2021-12-19T00:51:28.000Z	3700
2021-12-19T00:51:33.000Z	4400
2021-12-19T00:51:38.000Z	4200
2021-12-19T00:51:43.000Z	4300
2021-12-19T00:51:48.000Z	4700
2021-12-19T00:51:53.000Z	4900
2021-12-19T00:51:58.000Z	4900
2021-12-19T00:52:03.000Z	5200
2021-12-19T00:52:08.000Z	4800
2021-12-19T00:52:13.000Z	4700
2021-12-19T00:52:18.000Z	4200
2021-12-19T00:52:23.000Z	4000
2021-12-19T00:52:28.000Z	4300
2021-12-19T00:52:34.000Z	3900
2021-12-19T00:52:39.000Z	4000
2021-12-19T00:52:43.000Z	4200
2021-12-19T00:52:48.000Z	3600
2021-12-19T00:52:53.000Z	3300
2021-12-19T00:52:58.000Z	4000
2021-12-19T00:53:04.000Z	3800
2021-12-19T00:53:08.000Z	4000
2021-12-19T00:53:13.000Z	3700
2021-12-19T00:53:18.000Z	3700
2021-12-19T00:53:23.000Z	3700
2021-12-19T00:53:29.000Z	3700
2021-12-19T00:53:34.000Z	3200
2021-12-19T00:53:39.000Z	3200
2021-12-19T00:53:44.000Z	3100
2021-12-19T00:53:49.000Z	2900
2021-12-19T00:53:54.000Z	3500
2021-12-19T00:53:59.000Z	3000
2021-12-19T00:54:04.000Z	2800
2021-12-19T00:54:09.000Z	2700
2021-12-19T00:54:14.000Z	2900
2021-12-19T00:54:19.000Z	3200
2021-12-19T00:54:24.000Z	3200
2021-12-19T00:54:29.000Z	3100
2021-12-19T00:54:34.000Z	3100
2021-12-19T00:54:39.000Z	3000
2021-12-19T00:54:44.000Z	3200
2021-12-19T00:54:49.000Z	3300
2021-12-19T00:54:54.000Z	2900
2021-12-19T00:54:59.000Z	2900
2021-12-19T00:55:04.000Z	3600
2021-12-19T00:55:09.000Z	3500
2021-12-19T00:55:14.000Z	3600
2021-12-19T00:55:19.000Z	3400
2021-12-19T00:55:24.000Z	3400
2021-12-19T00:55:29.000Z	3300
2021-12-19T00:55:34.000Z	3600
2021-12-19T00:55:39.000Z	3800
2021-12-19T00:55:44.000Z	3300
2021-12-19T00:55:49.000Z	3500
2021-12-19T00:55:54.000Z	3200
2021-12-19T00:55:59.000Z	3100
2021-12-19T00:56:04.000Z	2500
2021-12-19T00:56:09.000Z	2600
2021-12-19T00:56:14.000Z	2500
2021-12-19T00:56:19.000Z	2900
2021-12-19T00:56:24.000Z	2800
2021-12-19T00:56:29.000Z	3000
2021-12-19T00:56:34.000Z	2800
2021-12-19T00:56:39.000Z	2900
2021-12-19T00:56:44.000Z	3100
2021-12-19T00:56:49.000Z	3100
2021-12-19T00:56:54.000Z	3200
2021-12-19T00:56:59.000Z	3500
2021-12-19T00:57:04.000Z	3800
2021-12-19T00:57:09.000Z	4300
2021-12-19T00:57:14.000Z	4200
2021-12-19T00:57:19.000Z	3800
2021-12-19T00:57:24.000Z	3900
2021-12-19T00:57:29.000Z	4000
2021-12-19T00:57:34.000Z	4000
2021-12-19T00:57:40.000Z	3700
2021-12-19T00:57:45.000Z	3700
2021-12-19T00:57:50.000Z	3500
2021-12-19T00:57:55.000Z	3600
2021-12-19T00:58:00.000Z	3400
2021-12-19T00:58:05.000Z	3100
2021-12-19T00:58:10.000Z	2600
2021-12-19T00:58:15.000Z	3200
2021-12-19T00:58:20.000Z	3400
2021-12-19T00:58:25.000Z	3300
2021-12-19T00:58:30.000Z	3100
2021-12-19T00:58:35.000Z	3100
2021-12-19T00:58:40.000Z	3000
2021-12-19T00:58:45.000Z	2900
2021-12-19T00:58:50.000Z	3000
2021-12-19T00:58:55.000Z	3000
2021-12-19T00:59:00.000Z	2800
2021-12-19T00:59:05.000Z	3000
2021-12-19T00:59:10.000Z	3000
2021-12-19T00:59:15.000Z	2400
2021-12-19T00:59:20.000Z	2200
2021-12-19T00:59:25.000Z	2500
2021-12-19T00:59:30.000Z	2600
2021-12-19T00:59:35.000Z	2800
2021-12-19T00:59:40.000Z	3100
2021-12-19T00:59:45.000Z	3900
2021-12-19T00:59:50.000Z	4000
2021-12-19T00:59:55.000Z	3900
2021-12-19T01:00:00.000Z	3800
2021-12-19T01:00:05.000Z	3500
2021-12-19T01:00:10.000Z	3700
2021-12-19T01:00:15.000Z	3900
2021-12-19T01:00:20.000Z	3800
2021-12-19T01:00:25.000Z	3700
2021-12-19T01:00:30.000Z	3600
2021-12-19T01:00:35.000Z	3500
2021-12-19T01:00:40.000Z	3400
2021-12-19T01:00:45.000Z	2700
2021-12-19T01:00:50.000Z	2700
2021-12-19T01:00:55.000Z	2900
2021-12-19T01:01:00.000Z	3300
2021-12-19T01:01:05.000Z	3500
2021-12-19T01:01:10.000Z	3400
2021-12-19T01:01:15.000Z	3500
2021-12-19T01:01:20.000Z	4000
2021-12-19T01:01:25.000Z	4100
2021-12-19T01:01:30.000Z	4000
2021-12-19T01:01:35.000Z	4200
2021-12-19T01:01:40.000Z	4300
2021-12-19T01:01:45.000Z	4400
2021-12-19T01:01:50.000Z	4800
2021-12-19T01:01:55.000Z	4700
2021-12-19T01:02:00.000Z	4800
2021-12-19T01:02:05.000Z	4600
2021-12-19T01:02:11.000Z	4700
2021-12-19T01:02:16.000Z	4500
2021-12-19T01:02:21.000Z	3900
2021-12-19T01:02:26.000Z	3500
2021-12-19T01:02:31.000Z	3400
2021-12-19T01:02:36.000Z	3300
2021-12-19T01:02:41.000Z	3400
2021-12-19T01:02:46.000Z	3400
2021-12-19T01:02:51.000Z	2900
2021-12-19T01:02:56.000Z	2700
2021-12-19T01:03:01.000Z	2400
2021-12-19T01:03:06.000Z	2500
2021-12-19T01:03:11.000Z	2400
2021-12-19T01:03:16.000Z	2300
2021-12-19T01:03:21.000Z	2500
2021-12-19T01:03:26.000Z	2800
2021-12-19T01:03:31.000Z	2800
2021-12-19T01:36:03.000Z	2300
2021-12-19T01:36:08.000Z	2400
2021-12-19T01:36:13.000Z	2800
2021-12-19T01:36:18.000Z	3000
2021-12-19T01:36:23.000Z	3000
2021-12-19T01:36:29.000Z	3200
2021-12-19T01:36:34.000Z	3300
2021-12-19T01:36:39.000Z	3200
2021-12-19T01:36:44.000Z	3500
2021-12-19T01:37:29.000Z	3800
2021-12-19T01:37:34.000Z	3700
2021-12-19T01:37:39.000Z	3900
2021-12-19T01:37:44.000Z	3700
2021-12-19T01:37:49.000Z	3600
2021-12-19T01:37:54.000Z	3700
2021-12-19T01:37:59.000Z	3300
2021-12-19T01:38:04.000Z	3400
2021-12-19T01:38:09.000Z	3100
2021-12-19T01:38:14.000Z	3400
2021-12-19T01:38:19.000Z	3400
2021-12-19T01:38:24.000Z	3100
2021-12-19T01:38:29.000Z	3200
2021-12-19T01:38:34.000Z	3500
2021-12-19T01:38:39.000Z	3500
2021-12-19T01:38:44.000Z	3700
2021-12-19T01:38:49.000Z	3700
2021-12-19T01:38:54.000Z	3800
2021-12-19T01:38:59.000Z	4100
2021-12-19T01:39:04.000Z	3900
2021-12-19T01:39:09.000Z	4000
2021-12-19T01:39:14.000Z	4000
2021-12-19T01:39:19.000Z	4100
2021-12-19T01:39:24.000Z	4200
2021-12-19T01:39:29.000Z	4400
2021-12-19T01:39:34.000Z	4000
2021-12-19T01:39:39.000Z	4000
2021-12-19T01:39:44.000Z	4000
2021-12-19T01:39:49.000Z	4300
2021-12-19T01:39:54.000Z	4200
2021-12-19T01:39:59.000Z	4200
2021-12-19T01:40:04.000Z	4400
2021-12-19T01:40:09.000Z	4500
2021-12-19T01:40:14.000Z	4500
2021-12-19T01:40:19.000Z	4300
2021-12-19T01:40:24.000Z	4200
2021-12-19T01:40:29.000Z	3800
2021-12-19T01:40:35.000Z	3900
2021-12-19T01:40:40.000Z	3800
2021-12-19T01:40:45.000Z	3600
2021-12-19T01:40:50.000Z	3300
2021-12-19T01:40:55.000Z	3200
2021-12-19T01:41:00.000Z	2900
2021-12-19T01:41:05.000Z	2700
2021-12-19T01:41:10.000Z	2500
2021-12-19T01:41:15.000Z	2100
2021-12-19T01:41:20.000Z	2300
2021-12-19T01:41:25.000Z	2400
2021-12-19T01:41:30.000Z	2600
2021-12-19T01:41:35.000Z	2600
2021-12-19T01:41:40.000Z	2600
2021-12-19T01:41:45.000Z	2900
2021-12-19T01:41:50.000Z	2900
2021-12-19T01:41:55.000Z	2900
2021-12-19T01:42:00.000Z	3000
2021-12-19T01:42:05.000Z	3000
2021-12-19T01:42:10.000Z	3500
2021-12-19T01:42:15.000Z	3800
2021-12-19T01:42:20.000Z	3600
2021-12-19T01:42:25.000Z	3600
2021-12-19T01:42:30.000Z	3400
2021-12-19T01:42:35.000Z	3400
2021-12-19T01:42:40.000Z	3600
2021-12-19T01:42:45.000Z	3400
2021-12-19T01:42:50.000Z	3500
2021-12-19T01:42:55.000Z	3600
2021-12-19T01:43:00.000Z	3700
2021-12-19T01:43:05.000Z	3600
2021-12-19T01:43:10.000Z	3400
2021-12-19T01:43:15.000Z	3100
2021-12-19T01:43:20.000Z	3000
2021-12-19T01:43:25.000Z	2700
2021-12-19T01:43:30.000Z	2900
2021-12-19T01:43:35.000Z	3100
2021-12-19T01:43:40.000Z	3100
2021-12-19T01:43:45.000Z	3100
2021-12-19T01:43:50.000Z	3000
2021-12-19T01:43:55.000Z	2800
2021-12-19T01:44:00.000Z	2900
2021-12-19T01:44:05.000Z	2800
2021-12-19T01:44:10.000Z	3100
2021-12-19T01:44:15.000Z	3100
2021-12-19T01:44:20.000Z	3300
2021-12-19T01:44:25.000Z	3700
2021-12-19T01:44:30.000Z	3800
2021-12-19T01:44:35.000Z	4000
2021-12-19T01:44:40.000Z	3800
2021-12-19T01:44:45.000Z	3700
2021-12-19T01:44:50.000Z	3900
2021-12-19T01:44:55.000Z	3900
2021-12-19T01:45:00.000Z	3800
2021-12-19T01:45:05.000Z	3900
2021-12-19T01:45:11.000Z	3400
2021-12-19T01:45:16.000Z	3600
2021-12-19T01:45:21.000Z	3400
2021-12-19T01:45:26.000Z	3200
2021-12-19T01:45:31.000Z	3200
2021-12-19T01:45:36.000Z	2800
2021-12-19T01:45:41.000Z	3000
2021-12-19T01:45:46.000Z	2900
2021-12-19T01:45:51.000Z	3000
2021-12-19T01:45:56.000Z	3200
2021-12-19T01:46:01.000Z	3100
2021-12-19T01:46:06.000Z	3400
2021-12-19T01:46:11.000Z	3700
2021-12-19T01:46:16.000Z	3600
2021-12-19T01:46:21.000Z	4000
2021-12-19T01:46:26.000Z	4000
2021-12-19T01:46:31.000Z	3800
2021-12-19T01:46:36.000Z	3900
2021-12-19T01:46:41.000Z	4000
2021-12-19T01:46:46.000Z	4300
2021-12-19T01:46:51.000Z	4100
2021-12-19T01:46:56.000Z	4000
2021-12-19T01:47:01.000Z	4400
2021-12-19T01:47:06.000Z	4100
2021-12-19T01:47:11.000Z	3700
2021-12-19T01:47:16.000Z	3900
2021-12-19T01:47:21.000Z	3300
2021-12-19T01:47:26.000Z	3500
2021-12-19T01:47:31.000Z	3900
2021-12-19T01:47:36.000Z	3800
2021-12-19T01:47:41.000Z	3500
2021-12-19T01:47:46.000Z	3400
2021-12-19T01:47:51.000Z	3200
2021-12-19T01:47:56.000Z	3200
2021-12-19T01:48:01.000Z	3100
2021-12-19T01:48:06.000Z	3300
2021-12-19T01:48:11.000Z	3400
2021-12-19T01:48:16.000Z	3300
2021-12-19T01:48:21.000Z	3500
2021-12-19T01:03:36.000Z	2600
2021-12-19T00:46:06.000Z	3400
2021-12-19T00:46:12.000Z	3700
2021-12-19T01:03:41.000Z	2400
2021-12-19T01:03:46.000Z	2600
2021-12-19T01:03:51.000Z	2700
2021-12-19T01:03:56.000Z	3300
2021-12-19T01:04:01.000Z	3100
2021-12-19T01:04:06.000Z	3100
2021-12-19T01:04:11.000Z	3100
2021-12-19T01:04:16.000Z	3800
2021-12-19T01:04:21.000Z	3800
2021-12-19T01:04:26.000Z	3600
2021-12-19T01:04:31.000Z	3600
2021-12-19T01:04:36.000Z	4300
2021-12-19T01:04:41.000Z	4700
2021-12-19T01:04:46.000Z	4500
2021-12-19T01:04:51.000Z	4400
2021-12-19T01:04:56.000Z	3900
2021-12-19T01:05:01.000Z	4000
2021-12-19T01:05:06.000Z	4200
2021-12-19T01:05:11.000Z	4000
2021-12-19T01:05:16.000Z	3400
2021-12-19T01:05:21.000Z	3600
2021-12-19T01:05:26.000Z	3900
2021-12-19T01:05:31.000Z	4000
2021-12-19T01:05:36.000Z	3300
2021-12-19T01:05:41.000Z	3000
2021-12-19T01:05:46.000Z	3000
2021-12-19T01:05:51.000Z	2900
2021-12-19T01:05:56.000Z	3000
2021-12-19T01:06:01.000Z	3000
2021-12-19T01:06:06.000Z	3000
2021-12-19T01:06:11.000Z	3000
2021-12-19T01:06:16.000Z	3100
2021-12-19T01:06:21.000Z	2900
2021-12-19T01:06:27.000Z	2700
2021-12-19T01:06:32.000Z	3100
2021-12-19T01:06:37.000Z	3100
2021-12-19T01:06:42.000Z	3000
2021-12-19T01:06:47.000Z	2800
2021-12-19T01:06:52.000Z	2900
2021-12-19T01:06:57.000Z	3200
2021-12-19T01:07:02.000Z	3900
2021-12-19T01:07:07.000Z	3700
2021-12-19T01:07:12.000Z	3900
2021-12-19T01:07:17.000Z	3800
2021-12-19T01:07:22.000Z	3700
2021-12-19T01:07:27.000Z	3600
2021-12-19T01:07:32.000Z	3300
2021-12-19T01:07:37.000Z	3200
2021-12-19T01:07:42.000Z	3300
2021-12-19T01:07:47.000Z	3500
2021-12-19T01:07:52.000Z	3600
2021-12-19T01:07:57.000Z	3200
2021-12-19T01:08:02.000Z	2600
2021-12-19T01:08:07.000Z	2700
2021-12-19T01:08:12.000Z	2900
2021-12-19T01:08:17.000Z	3100
2021-12-19T01:08:22.000Z	3300
2021-12-19T01:08:27.000Z	3100
2021-12-19T01:08:32.000Z	3000
2021-12-19T01:08:37.000Z	2900
2021-12-19T01:08:42.000Z	2800
2021-12-19T01:08:47.000Z	2700
2021-12-19T01:08:52.000Z	2500
2021-12-19T01:08:57.000Z	2900
2021-12-19T01:09:02.000Z	3000
2021-12-19T01:09:07.000Z	2900
2021-12-19T01:09:12.000Z	2700
2021-12-19T01:09:17.000Z	2500
2021-12-19T01:09:22.000Z	2500
2021-12-19T01:09:27.000Z	2500
2021-12-19T01:09:32.000Z	3000
2021-12-19T01:09:37.000Z	3300
2021-12-19T01:09:42.000Z	3200
2021-12-19T01:09:47.000Z	3600
2021-12-19T01:09:52.000Z	4000
2021-12-19T01:09:57.000Z	3600
2021-12-19T01:10:02.000Z	3500
2021-12-19T01:10:07.000Z	3500
2021-12-19T01:10:12.000Z	3800
2021-12-19T01:10:17.000Z	3800
2021-12-19T01:10:22.000Z	3900
2021-12-19T01:10:27.000Z	4000
2021-12-19T01:10:32.000Z	3800
2021-12-19T01:10:37.000Z	3700
2021-12-19T01:13:48.000Z	3300
2021-12-19T01:13:53.000Z	3400
2021-12-19T01:13:58.000Z	3600
2021-12-19T01:14:03.000Z	3800
2021-12-19T01:14:08.000Z	3800
2021-12-19T01:14:13.000Z	3800
2021-12-19T01:14:18.000Z	3500
2021-12-19T01:14:23.000Z	3100
2021-12-19T01:14:28.000Z	3100
2021-12-19T01:14:33.000Z	2700
2021-12-19T01:14:38.000Z	2700
2021-12-19T01:14:43.000Z	2900
2021-12-19T01:14:48.000Z	3100
2021-12-19T01:14:53.000Z	3200
2021-12-19T01:14:59.000Z	3100
2021-12-19T01:15:04.000Z	2600
2021-12-19T01:15:09.000Z	3000
2021-12-19T01:15:14.000Z	2900
2021-12-19T01:15:19.000Z	2900
2021-12-19T01:15:24.000Z	3400
2021-12-19T01:15:29.000Z	3100
2021-12-19T01:15:34.000Z	3400
2021-12-19T01:15:39.000Z	3500
2021-12-19T01:15:44.000Z	3400
2021-12-19T01:15:49.000Z	3400
2021-12-19T01:15:54.000Z	3200
2021-12-19T01:15:59.000Z	3000
2021-12-19T01:16:04.000Z	3200
2021-12-19T01:16:09.000Z	3400
2021-12-19T01:16:14.000Z	3100
2021-12-19T01:16:19.000Z	3400
2021-12-19T01:16:24.000Z	3300
2021-12-19T01:16:29.000Z	3400
2021-12-19T01:16:34.000Z	3200
2021-12-19T01:16:39.000Z	3100
2021-12-19T01:16:44.000Z	3000
2021-12-19T01:16:49.000Z	3000
2021-12-19T01:16:54.000Z	3300
2021-12-19T01:16:59.000Z	3300
2021-12-19T01:17:04.000Z	3200
2021-12-19T01:17:09.000Z	3000
2021-12-19T01:17:14.000Z	3000
2021-12-19T01:17:19.000Z	3000
2021-12-19T01:17:24.000Z	3000
2021-12-19T01:17:29.000Z	3100
2021-12-19T01:17:34.000Z	3300
2021-12-19T01:17:39.000Z	3200
2021-12-19T01:17:44.000Z	3200
2021-12-19T01:17:49.000Z	3100
2021-12-19T01:17:54.000Z	3100
2021-12-19T01:17:59.000Z	3200
2021-12-19T01:18:04.000Z	3400
2021-12-19T01:18:09.000Z	3400
2021-12-19T01:18:14.000Z	3700
2021-12-19T01:18:19.000Z	3500
2021-12-19T01:18:24.000Z	3400
2021-12-19T01:18:29.000Z	3800
2021-12-19T01:18:34.000Z	3900
2021-12-19T01:18:39.000Z	4200
2021-12-19T01:18:44.000Z	4300
2021-12-19T01:18:49.000Z	4300
2021-12-19T01:18:54.000Z	4300
2021-12-19T01:18:59.000Z	4300
2021-12-19T01:19:04.000Z	4100
2021-12-19T01:19:09.000Z	4000
2021-12-19T01:19:14.000Z	3800
2021-12-19T01:19:20.000Z	3900
2021-12-19T01:19:25.000Z	4000
2021-12-19T01:19:30.000Z	4000
2021-12-19T01:19:35.000Z	4100
2021-12-19T01:19:40.000Z	4400
2021-12-19T01:19:45.000Z	4600
2021-12-19T01:19:50.000Z	4800
2021-12-19T01:19:55.000Z	4700
2021-12-19T01:20:00.000Z	4600
2021-12-19T01:20:05.000Z	4700
2021-12-19T01:20:10.000Z	4500
2021-12-19T01:20:15.000Z	4500
2021-12-19T01:20:20.000Z	4300
2021-12-19T01:20:25.000Z	4000
2021-12-19T01:20:30.000Z	3900
2021-12-19T01:20:35.000Z	3700
2021-12-19T01:20:40.000Z	3300
2021-12-19T01:20:45.000Z	3000
2021-12-19T01:20:50.000Z	3100
2021-12-19T01:20:55.000Z	3100
2021-12-19T01:21:00.000Z	3300
2021-12-19T01:21:05.000Z	3500
2021-12-19T01:21:10.000Z	3600
2021-12-19T01:21:15.000Z	3700
2021-12-19T01:21:20.000Z	4500
2021-12-19T01:21:25.000Z	4600
2021-12-19T01:21:30.000Z	4400
2021-12-19T01:21:35.000Z	4400
2021-12-19T02:06:30.000Z	3300
2021-12-19T02:06:36.000Z	3400
2021-12-19T02:06:41.000Z	3400
2021-12-19T02:06:46.000Z	3600
2021-12-19T02:06:51.000Z	3600
2021-12-19T02:06:56.000Z	3800
2021-12-19T02:07:01.000Z	3400
2021-12-19T02:07:06.000Z	3500
2021-12-19T02:07:11.000Z	3500
2021-12-19T02:07:16.000Z	3500
2021-12-19T02:07:21.000Z	3500
2021-12-19T02:07:26.000Z	3300
2021-12-19T02:07:31.000Z	3400
2021-12-19T02:07:36.000Z	3200
2021-12-19T02:07:41.000Z	2800
2021-12-19T02:07:46.000Z	2300
2021-12-19T02:07:51.000Z	2200
2021-12-19T02:07:56.000Z	2200
2021-12-19T02:08:01.000Z	2200
2021-12-19T02:08:06.000Z	2000
2021-12-19T02:08:11.000Z	2000
2021-12-19T02:08:16.000Z	2000
2021-12-19T02:08:21.000Z	2000
2021-12-19T02:08:26.000Z	2100
2021-12-19T02:08:31.000Z	2000
2021-12-19T02:08:36.000Z	2100
2021-12-19T02:08:41.000Z	2400
2021-12-19T02:08:46.000Z	2700
2021-12-19T02:08:51.000Z	2500
2021-12-19T02:08:56.000Z	2700
2021-12-19T02:09:01.000Z	2900
2021-12-19T02:09:06.000Z	2800
2021-12-19T02:09:11.000Z	2800
2021-12-19T02:09:16.000Z	2800
2021-12-19T02:09:21.000Z	2900
2021-12-19T02:09:26.000Z	2400
2021-12-19T02:09:31.000Z	2400
2021-12-19T02:09:36.000Z	2700
2021-12-19T01:36:49.000Z	3600
2021-12-19T01:36:54.000Z	3800
2021-12-19T01:36:59.000Z	3900
2021-12-19T01:37:04.000Z	4000
2021-12-19T01:37:09.000Z	4100
2021-12-19T01:37:14.000Z	3600
2021-12-19T01:37:19.000Z	3500
2021-12-19T01:37:24.000Z	3900
2021-12-19T02:09:41.000Z	2800
2021-12-19T02:09:46.000Z	3000
2021-12-19T02:09:51.000Z	3400
2021-12-19T02:09:56.000Z	3300
2021-12-19T02:10:01.000Z	3000
2021-12-19T02:10:06.000Z	3200
2021-12-19T02:10:11.000Z	3200
2021-12-19T02:10:16.000Z	3200
2021-12-19T02:10:21.000Z	2900
2021-12-19T02:10:26.000Z	3200
2021-12-19T02:10:31.000Z	3200
2021-12-19T02:10:36.000Z	2700
2021-12-19T02:10:41.000Z	2700
2021-12-19T02:10:46.000Z	2700
2021-12-19T02:10:51.000Z	2300
2021-12-19T02:10:56.000Z	2100
2021-12-19T02:11:01.000Z	2200
2021-12-19T02:11:06.000Z	2100
2021-12-19T02:11:11.000Z	2200
2021-12-19T02:11:16.000Z	2500
2021-12-19T02:11:22.000Z	2900
2021-12-19T02:11:27.000Z	2600
2021-12-19T02:11:32.000Z	2800
2021-12-19T02:11:37.000Z	2900
2021-12-19T02:11:42.000Z	2500
2021-12-19T02:11:47.000Z	2000
2021-12-19T02:11:52.000Z	2400
2021-12-19T02:11:57.000Z	2500
2021-12-19T02:12:02.000Z	2500
2021-12-19T02:12:07.000Z	2500
2021-12-19T02:12:12.000Z	2600
2021-12-19T02:12:17.000Z	2400
2021-12-19T02:12:22.000Z	2100
2021-12-19T02:12:27.000Z	2500
2021-12-19T02:12:32.000Z	2300
2021-12-19T02:12:37.000Z	2500
2021-12-19T02:12:42.000Z	2600
2021-12-19T02:12:47.000Z	2800
2021-12-19T02:12:52.000Z	2800
2021-12-19T02:12:57.000Z	2800
2021-12-19T02:13:02.000Z	3100
2021-12-19T02:13:07.000Z	3300
2021-12-19T01:21:40.000Z	4500
2021-12-19T01:21:45.000Z	4400
2021-12-19T01:21:50.000Z	4400
2021-12-19T01:21:55.000Z	4300
2021-12-19T01:22:00.000Z	3900
2021-12-19T01:22:05.000Z	3900
2021-12-19T01:22:10.000Z	4000
2021-12-19T01:22:15.000Z	3900
2021-12-19T01:22:20.000Z	3100
2021-12-19T01:22:25.000Z	3000
2021-12-19T01:22:30.000Z	2800
2021-12-19T01:22:35.000Z	3000
2021-12-19T01:22:40.000Z	3000
2021-12-19T01:22:45.000Z	3100
2021-12-19T01:22:50.000Z	2700
2021-12-19T01:22:55.000Z	2800
2021-12-19T01:23:00.000Z	2800
2021-12-19T01:23:05.000Z	2500
2021-12-19T01:23:10.000Z	2200
2021-12-19T01:23:15.000Z	2200
2021-12-19T01:23:20.000Z	2300
2021-12-19T01:23:25.000Z	2400
2021-12-19T01:23:30.000Z	2400
2021-12-19T01:23:36.000Z	2000
2021-12-19T01:23:41.000Z	2200
2021-12-19T01:23:46.000Z	2200
2021-12-19T01:23:51.000Z	2400
2021-12-19T01:23:56.000Z	2200
2021-12-19T01:24:01.000Z	2300
2021-12-19T01:24:06.000Z	3100
2021-12-19T01:24:11.000Z	3200
2021-12-19T01:24:16.000Z	3500
2021-12-19T01:24:21.000Z	3400
2021-12-19T01:24:26.000Z	3600
2021-12-19T01:24:31.000Z	3700
2021-12-19T01:24:36.000Z	3900
2021-12-19T01:24:41.000Z	3400
2021-12-19T01:24:46.000Z	3200
2021-12-19T01:24:51.000Z	3100
2021-12-19T01:24:56.000Z	3400
2021-12-19T01:25:01.000Z	3600
2021-12-19T01:25:06.000Z	3000
2021-12-19T01:26:11.000Z	3200
2021-12-19T01:26:16.000Z	3000
2021-12-19T01:26:21.000Z	3300
2021-12-19T01:26:26.000Z	3400
2021-12-19T01:26:31.000Z	3100
2021-12-19T01:26:36.000Z	3000
2021-12-19T01:26:41.000Z	3000
2021-12-19T01:26:46.000Z	2900
2021-12-19T01:26:51.000Z	3600
2021-12-19T01:26:56.000Z	3800
2021-12-19T01:27:01.000Z	3800
2021-12-19T01:27:06.000Z	3800
2021-12-19T01:27:11.000Z	4300
2021-12-19T01:27:16.000Z	4700
2021-12-19T01:27:21.000Z	4400
2021-12-19T01:27:26.000Z	4700
2021-12-19T01:27:31.000Z	5000
2021-12-19T01:27:36.000Z	4700
2021-12-19T01:27:41.000Z	4800
2021-12-19T01:27:46.000Z	5000
2021-12-19T01:27:52.000Z	4700
2021-12-19T01:27:57.000Z	4500
2021-12-19T01:28:02.000Z	4500
2021-12-19T01:28:07.000Z	4600
2021-12-19T01:28:12.000Z	4100
2021-12-19T01:28:17.000Z	3800
2021-12-19T01:28:22.000Z	4000
2021-12-19T01:28:27.000Z	3800
2021-12-19T01:28:32.000Z	3400
2021-12-19T01:28:37.000Z	3300
2021-12-19T01:28:42.000Z	3500
2021-12-19T01:28:47.000Z	3200
2021-12-19T01:28:52.000Z	2800
2021-12-19T01:28:57.000Z	2900
2021-12-19T01:29:02.000Z	2900
2021-12-19T01:29:07.000Z	2800
2021-12-19T01:29:12.000Z	2800
2021-12-19T01:29:17.000Z	2900
2021-12-19T01:29:22.000Z	2600
2021-12-19T01:29:27.000Z	2400
2021-12-19T01:29:32.000Z	2500
2021-12-19T01:29:37.000Z	3100
2021-12-19T01:29:42.000Z	2700
2021-12-19T01:29:47.000Z	2700
2021-12-19T01:29:52.000Z	2900
2021-12-19T01:29:57.000Z	2700
2021-12-19T01:30:02.000Z	2800
2021-12-19T01:30:07.000Z	2900
2021-12-19T01:30:12.000Z	3200
2021-12-19T01:30:17.000Z	3500
2021-12-19T01:30:22.000Z	3600
2021-12-19T01:30:27.000Z	3700
2021-12-19T01:30:32.000Z	3700
2021-12-19T01:30:37.000Z	3200
2021-12-19T01:30:42.000Z	3300
2021-12-19T01:30:47.000Z	3200
2021-12-19T01:30:52.000Z	3200
2021-12-19T01:30:57.000Z	3400
2021-12-19T01:31:02.000Z	3300
2021-12-19T01:31:07.000Z	3100
2021-12-19T01:31:12.000Z	2900
2021-12-19T01:31:17.000Z	2400
2021-12-19T01:31:22.000Z	2800
2021-12-19T01:31:27.000Z	2800
2021-12-19T01:31:32.000Z	3200
2021-12-19T01:31:37.000Z	3100
2021-12-19T01:31:42.000Z	3300
2021-12-19T01:31:47.000Z	3500
2021-12-19T01:31:52.000Z	3400
2021-12-19T01:31:57.000Z	3500
2021-12-19T01:32:02.000Z	3800
2021-12-19T01:32:07.000Z	4000
2021-12-19T01:32:12.000Z	4100
2021-12-19T01:32:18.000Z	4400
2021-12-19T01:32:23.000Z	4300
2021-12-19T01:32:28.000Z	4300
2021-12-19T01:32:33.000Z	3800
2021-12-19T01:32:38.000Z	4200
2021-12-19T01:32:43.000Z	4000
2021-12-19T01:32:48.000Z	3900
2021-12-19T01:32:53.000Z	4000
2021-12-19T01:32:58.000Z	3800
2021-12-19T01:33:03.000Z	3300
2021-12-19T01:33:08.000Z	3400
2021-12-19T01:33:13.000Z	3200
2021-12-19T01:33:18.000Z	3100
2021-12-19T01:33:23.000Z	2600
2021-12-19T01:33:28.000Z	2600
2021-12-19T01:33:33.000Z	2700
2021-12-19T01:33:38.000Z	2700
2021-12-19T01:33:43.000Z	2700
2021-12-19T01:33:48.000Z	2800
2021-12-19T01:33:53.000Z	2800
2021-12-19T01:33:58.000Z	2800
2021-12-19T01:34:03.000Z	3000
2021-12-19T01:34:08.000Z	2700
2021-12-19T01:34:13.000Z	2900
2021-12-19T01:34:18.000Z	3200
2021-12-19T01:34:23.000Z	3500
2021-12-19T01:34:28.000Z	3600
2021-12-19T01:34:33.000Z	3700
2021-12-19T01:34:38.000Z	3400
2021-12-19T01:34:43.000Z	3200
2021-12-19T01:34:48.000Z	3200
2021-12-19T01:34:53.000Z	3100
2021-12-19T01:34:58.000Z	3600
2021-12-19T01:35:03.000Z	3400
2021-12-19T01:35:08.000Z	3500
2021-12-19T01:35:13.000Z	3400
2021-12-19T01:35:18.000Z	3100
2021-12-19T01:35:23.000Z	2800
2021-12-19T01:35:28.000Z	2600
2021-12-19T01:35:33.000Z	2600
2021-12-19T01:35:38.000Z	2600
2021-12-19T01:35:43.000Z	2700
2021-12-19T01:35:48.000Z	2700
2021-12-19T01:35:53.000Z	2500
2021-12-19T01:35:58.000Z	2200
2021-12-19T01:48:26.000Z	3200
2021-12-19T01:48:31.000Z	2800
2021-12-19T01:48:36.000Z	2700
2021-12-19T01:48:41.000Z	2700
2021-12-19T01:48:46.000Z	3000
2021-12-19T01:48:51.000Z	3200
2021-12-19T01:48:56.000Z	3100
2021-12-19T01:49:01.000Z	2800
2021-12-19T01:49:06.000Z	2900
2021-12-19T01:49:11.000Z	3900
2021-12-19T01:49:16.000Z	4000
2021-12-19T01:49:21.000Z	4200
2021-12-19T01:49:26.000Z	4400
2021-12-19T01:49:31.000Z	4300
2021-12-19T01:10:42.000Z	4000
2021-12-19T01:10:47.000Z	4100
2021-12-19T01:10:53.000Z	3700
2021-12-19T01:10:58.000Z	3600
2021-12-19T01:11:03.000Z	3600
2021-12-19T01:11:08.000Z	3500
2021-12-19T01:11:13.000Z	3200
2021-12-19T01:11:18.000Z	3200
2021-12-19T01:11:23.000Z	3000
2021-12-19T01:11:28.000Z	3200
2021-12-19T01:11:33.000Z	3100
2021-12-19T01:11:38.000Z	2900
2021-12-19T01:11:43.000Z	2700
2021-12-19T01:11:48.000Z	2300
2021-12-19T01:11:53.000Z	2600
2021-12-19T01:11:58.000Z	3000
2021-12-19T01:12:03.000Z	3000
2021-12-19T01:12:08.000Z	2900
2021-12-19T01:12:13.000Z	3200
2021-12-19T01:12:18.000Z	3000
2021-12-19T01:12:23.000Z	3000
2021-12-19T01:12:28.000Z	2900
2021-12-19T01:12:33.000Z	2700
2021-12-19T01:12:38.000Z	3300
2021-12-19T01:12:43.000Z	3200
2021-12-19T01:12:48.000Z	3200
2021-12-19T01:12:53.000Z	2900
2021-12-19T01:12:58.000Z	2700
2021-12-19T01:13:03.000Z	2800
2021-12-19T01:13:08.000Z	2800
2021-12-19T01:13:13.000Z	2700
2021-12-19T01:13:18.000Z	3100
2021-12-19T01:13:23.000Z	3300
2021-12-19T01:13:28.000Z	3400
2021-12-19T01:13:33.000Z	3700
2021-12-19T01:13:38.000Z	3300
2021-12-19T01:13:43.000Z	3500
2021-12-19T01:49:36.000Z	4300
2021-12-19T01:49:42.000Z	4400
2021-12-19T01:49:47.000Z	4200
2021-12-19T01:49:52.000Z	4400
2021-12-19T01:49:57.000Z	4600
2021-12-19T01:50:02.000Z	4800
2021-12-19T01:50:07.000Z	4700
2021-12-19T01:50:12.000Z	3800
2021-12-19T01:50:17.000Z	3600
2021-12-19T01:50:22.000Z	3900
2021-12-19T01:50:27.000Z	3700
2021-12-19T01:50:32.000Z	4000
2021-12-19T01:50:37.000Z	4200
2021-12-19T01:50:42.000Z	4000
2021-12-19T01:50:47.000Z	3800
2021-12-19T01:50:52.000Z	3600
2021-12-19T01:50:57.000Z	3500
2021-12-19T01:51:02.000Z	3400
2021-12-19T01:51:07.000Z	3600
2021-12-19T01:51:12.000Z	3400
2021-12-19T01:51:17.000Z	3600
2021-12-19T01:51:22.000Z	3100
2021-12-19T01:51:27.000Z	3200
2021-12-19T01:51:32.000Z	3300
2021-12-19T01:51:37.000Z	3100
2021-12-19T01:51:42.000Z	3700
2021-12-19T01:51:47.000Z	3500
2021-12-19T01:51:52.000Z	3500
2021-12-19T01:51:57.000Z	3600
2021-12-19T01:52:02.000Z	3500
2021-12-19T02:31:16.000Z	3800
2021-12-19T02:31:21.000Z	4000
2021-12-19T02:31:26.000Z	4200
2021-12-19T02:31:31.000Z	4300
2021-12-19T02:31:36.000Z	4600
2021-12-19T01:52:07.000Z	3100
2021-12-19T01:52:12.000Z	3100
2021-12-19T01:52:17.000Z	2900
2021-12-19T01:52:22.000Z	3100
2021-12-19T01:52:27.000Z	3200
2021-12-19T01:52:32.000Z	2900
2021-12-19T01:52:37.000Z	3200
2021-12-19T01:52:42.000Z	2800
2021-12-19T01:52:47.000Z	3000
2021-12-19T01:52:52.000Z	2800
2021-12-19T01:52:57.000Z	2700
2021-12-19T01:53:02.000Z	3000
2021-12-19T01:53:07.000Z	3300
2021-12-19T01:53:12.000Z	3700
2021-12-19T01:53:17.000Z	3900
2021-12-19T01:53:22.000Z	3900
2021-12-19T01:53:27.000Z	3800
2021-12-19T01:53:32.000Z	4100
2021-12-19T01:53:37.000Z	4000
2021-12-19T01:53:42.000Z	4000
2021-12-19T01:53:48.000Z	4000
2021-12-19T01:53:53.000Z	4200
2021-12-19T01:53:58.000Z	4600
2021-12-19T01:54:03.000Z	4700
2021-12-19T01:54:08.000Z	4700
2021-12-19T01:54:13.000Z	4400
2021-12-19T01:54:18.000Z	4400
2021-12-19T01:54:23.000Z	4100
2021-12-19T01:54:28.000Z	4300
2021-12-19T01:54:33.000Z	4100
2021-12-19T01:54:38.000Z	4000
2021-12-19T01:54:43.000Z	4000
2021-12-19T01:54:48.000Z	4100
2021-12-19T01:54:53.000Z	3900
2021-12-19T01:54:58.000Z	3600
2021-12-19T01:55:03.000Z	3100
2021-12-19T01:55:08.000Z	3000
2021-12-19T01:55:13.000Z	3000
2021-12-19T01:55:18.000Z	3000
2021-12-19T01:55:23.000Z	3200
2021-12-19T01:55:28.000Z	3000
2021-12-19T01:55:33.000Z	2900
2021-12-19T01:55:38.000Z	3000
2021-12-19T01:55:43.000Z	3000
2021-12-19T01:55:48.000Z	3000
2021-12-19T01:55:53.000Z	3300
2021-12-19T01:55:58.000Z	3100
2021-12-19T01:56:03.000Z	3200
2021-12-19T01:56:08.000Z	3300
2021-12-19T02:18:28.000Z	3200
2021-12-19T02:18:33.000Z	3100
2021-12-19T02:18:38.000Z	3200
2021-12-19T02:18:43.000Z	3100
2021-12-19T02:18:48.000Z	3000
2021-12-19T02:18:53.000Z	3100
2021-12-19T02:18:58.000Z	3100
2021-12-19T02:19:03.000Z	2900
2021-12-19T02:19:08.000Z	2800
2021-12-19T02:19:13.000Z	2700
2021-12-19T02:19:18.000Z	3100
2021-12-19T02:19:23.000Z	3100
2021-12-19T02:19:28.000Z	3100
2021-12-19T02:19:34.000Z	3000
2021-12-19T02:19:39.000Z	3100
2021-12-19T02:19:44.000Z	3000
2021-12-19T02:19:49.000Z	2800
2021-12-19T02:19:54.000Z	2600
2021-12-19T02:19:59.000Z	2600
2021-12-19T02:20:04.000Z	2600
2021-12-19T02:20:09.000Z	2700
2021-12-19T02:20:14.000Z	2500
2021-12-19T02:20:19.000Z	2400
2021-12-19T02:20:24.000Z	2600
2021-12-19T02:20:29.000Z	2400
2021-12-19T02:20:34.000Z	2300
2021-12-19T02:20:39.000Z	2600
2021-12-19T02:20:44.000Z	2600
2021-12-19T02:20:49.000Z	3000
2021-12-19T02:20:54.000Z	3400
2021-12-19T02:20:59.000Z	3400
2021-12-19T02:21:04.000Z	3600
2021-12-19T02:21:09.000Z	3700
2021-12-19T02:21:14.000Z	4000
2021-12-19T02:21:19.000Z	4200
2021-12-19T02:21:24.000Z	4000
2021-12-19T02:21:29.000Z	4300
2021-12-19T02:21:34.000Z	4300
2021-12-19T02:21:39.000Z	4000
2021-12-19T02:21:44.000Z	4200
2021-12-19T02:21:49.000Z	3800
2021-12-19T02:21:54.000Z	3600
2021-12-19T02:21:59.000Z	3600
2021-12-19T02:22:04.000Z	3600
2021-12-19T02:22:09.000Z	3500
2021-12-19T02:22:14.000Z	3000
2021-12-19T02:22:19.000Z	2800
2021-12-19T02:22:24.000Z	2800
2021-12-19T02:22:29.000Z	2800
2021-12-19T02:22:34.000Z	2800
2021-12-19T02:22:39.000Z	2700
2021-12-19T02:22:44.000Z	2900
2021-12-19T02:22:49.000Z	3100
2021-12-19T02:22:54.000Z	2800
2021-12-19T02:22:59.000Z	3100
2021-12-19T02:23:04.000Z	3100
2021-12-19T02:23:09.000Z	2900
2021-12-19T02:23:14.000Z	3000
2021-12-19T02:23:19.000Z	2900
2021-12-19T02:23:24.000Z	3200
2021-12-19T02:23:30.000Z	2900
2021-12-19T02:23:35.000Z	2800
2021-12-19T02:23:39.000Z	3100
2021-12-19T02:23:44.000Z	2800
2021-12-19T02:23:49.000Z	2700
2021-12-19T02:23:55.000Z	3000
2021-12-19T02:24:00.000Z	2700
2021-12-19T02:24:05.000Z	2600
2021-12-19T02:24:10.000Z	2900
2021-12-19T02:24:15.000Z	3100
2021-12-19T02:24:20.000Z	3000
2021-12-19T02:24:25.000Z	2800
2021-12-19T02:24:30.000Z	2900
2021-12-19T02:24:35.000Z	3200
2021-12-19T02:24:40.000Z	3200
2021-12-19T02:24:45.000Z	3300
2021-12-19T02:24:50.000Z	3600
2021-12-19T02:24:55.000Z	3600
2021-12-19T02:25:00.000Z	3800
2021-12-19T02:25:05.000Z	3800
2021-12-19T02:25:10.000Z	3900
2021-12-19T02:25:15.000Z	3800
2021-12-19T02:25:20.000Z	3800
2021-12-19T02:25:25.000Z	3700
2021-12-19T02:25:30.000Z	3900
2021-12-19T02:25:35.000Z	3900
2021-12-19T02:25:40.000Z	3700
2021-12-19T02:25:45.000Z	3500
2021-12-19T02:25:50.000Z	3300
2021-12-19T02:25:55.000Z	3400
2021-12-19T02:26:00.000Z	3300
2021-12-19T02:26:05.000Z	3400
2021-12-19T02:26:10.000Z	3000
2021-12-19T02:26:15.000Z	3000
2021-12-19T02:26:20.000Z	3200
2021-12-19T02:26:25.000Z	3100
2021-12-19T02:26:30.000Z	3200
2021-12-19T02:26:35.000Z	3000
2021-12-19T02:26:40.000Z	3100
2021-12-19T02:26:45.000Z	3200
2021-12-19T02:26:50.000Z	3400
2021-12-19T02:26:55.000Z	3300
2021-12-19T02:27:00.000Z	3200
2021-12-19T02:27:05.000Z	3200
2021-12-19T02:27:10.000Z	3400
2021-12-19T02:27:15.000Z	3500
2021-12-19T02:27:20.000Z	3600
2021-12-19T02:27:25.000Z	3900
2021-12-19T02:27:30.000Z	3800
2021-12-19T02:27:35.000Z	3800
2021-12-19T02:27:40.000Z	3900
2021-12-19T02:27:45.000Z	3700
2021-12-19T02:27:50.000Z	3600
2021-12-19T02:27:55.000Z	3500
2021-12-19T02:28:00.000Z	3500
2021-12-19T02:28:05.000Z	3100
2021-12-19T02:28:11.000Z	2900
2021-12-19T02:28:16.000Z	3100
2021-12-19T02:28:21.000Z	2900
2021-12-19T02:28:26.000Z	2900
2021-12-19T02:28:31.000Z	2900
2021-12-19T02:28:36.000Z	3100
2021-12-19T02:28:41.000Z	3000
2021-12-19T02:28:46.000Z	3400
2021-12-19T02:28:51.000Z	3300
2021-12-19T02:28:56.000Z	3500
2021-12-19T02:29:01.000Z	3400
2021-12-19T02:29:06.000Z	3700
2021-12-19T02:29:11.000Z	3900
2021-12-19T02:29:16.000Z	3700
2021-12-19T02:29:21.000Z	3600
2021-12-19T02:29:26.000Z	3400
2021-12-19T01:25:11.000Z	3200
2021-12-19T01:25:16.000Z	3000
2021-12-19T01:25:21.000Z	3200
2021-12-19T01:25:26.000Z	2900
2021-12-19T01:25:31.000Z	3100
2021-12-19T01:25:36.000Z	3400
2021-12-19T01:25:41.000Z	3500
2021-12-19T01:25:46.000Z	3700
2021-12-19T01:25:51.000Z	3600
2021-12-19T01:25:56.000Z	3400
2021-12-19T01:26:01.000Z	3400
2021-12-19T01:26:06.000Z	3300
2021-12-19T02:29:31.000Z	3200
2021-12-19T02:29:36.000Z	3500
2021-12-19T02:29:41.000Z	3600
2021-12-19T02:29:46.000Z	3400
2021-12-19T02:29:51.000Z	3600
2021-12-19T02:29:56.000Z	3600
2021-12-19T02:30:01.000Z	3700
2021-12-19T02:30:06.000Z	3600
2021-12-19T02:30:11.000Z	3300
2021-12-19T02:30:16.000Z	3500
2021-12-19T02:30:21.000Z	3600
2021-12-19T02:30:26.000Z	3700
2021-12-19T02:30:31.000Z	3800
2021-12-19T02:30:36.000Z	3500
2021-12-19T02:30:41.000Z	3400
2021-12-19T02:30:46.000Z	3700
2021-12-19T02:30:51.000Z	3600
2021-12-19T02:30:56.000Z	3400
2021-12-19T02:31:01.000Z	3500
2021-12-19T02:31:06.000Z	3700
2021-12-19T02:31:11.000Z	3900
2021-12-19T02:31:41.000Z	4700
2021-12-19T02:31:46.000Z	4600
2021-12-19T02:31:51.000Z	4600
2021-12-19T02:31:56.000Z	4400
2021-12-19T02:32:01.000Z	4500
2021-12-19T02:32:06.000Z	4400
2021-12-19T02:32:11.000Z	4800
2021-12-19T02:32:16.000Z	4900
2021-12-19T02:32:22.000Z	4600
2021-12-19T02:32:27.000Z	4700
2021-12-19T02:32:32.000Z	5000
2021-12-19T02:32:37.000Z	4800
2021-12-19T02:32:42.000Z	4600
2021-12-19T02:32:47.000Z	4400
2021-12-19T02:32:52.000Z	4300
2021-12-19T02:32:57.000Z	4600
2021-12-19T02:33:02.000Z	4600
2021-12-19T02:33:07.000Z	4700
2021-12-19T02:33:12.000Z	4200
2021-12-19T02:33:17.000Z	3900
2021-12-19T02:33:22.000Z	4100
2021-12-19T02:33:27.000Z	3800
2021-12-19T02:33:32.000Z	3400
2021-12-19T02:33:37.000Z	3400
2021-12-19T02:33:42.000Z	3700
2021-12-19T02:33:47.000Z	3500
2021-12-19T02:33:52.000Z	3500
2021-12-19T02:33:57.000Z	3200
2021-12-19T02:34:02.000Z	3300
2021-12-19T02:34:07.000Z	3400
2021-12-19T02:34:12.000Z	3800
2021-12-19T02:34:17.000Z	3700
2021-12-19T02:34:22.000Z	3700
2021-12-19T02:34:27.000Z	3900
2021-12-19T02:34:32.000Z	3900
2021-12-19T02:34:37.000Z	3500
2021-12-19T02:34:42.000Z	3000
2021-12-19T02:34:47.000Z	3400
2021-12-19T02:34:52.000Z	3500
2021-12-19T02:34:57.000Z	4000
2021-12-19T02:35:02.000Z	4000
2021-12-19T02:35:07.000Z	4000
2021-12-19T02:35:12.000Z	3600
2021-12-19T02:35:17.000Z	3700
2021-12-19T02:35:22.000Z	3500
2021-12-19T02:35:27.000Z	3400
2021-12-19T02:35:32.000Z	3300
2021-12-19T02:35:37.000Z	3300
2021-12-19T02:35:42.000Z	3300
2021-12-19T02:35:47.000Z	3400
2021-12-19T02:35:52.000Z	3300
2021-12-19T02:35:57.000Z	3000
2021-12-19T02:36:02.000Z	3000
2021-12-19T02:36:07.000Z	2900
2021-12-19T02:36:12.000Z	3000
2021-12-19T02:36:17.000Z	3100
2021-12-19T02:36:22.000Z	3200
2021-12-19T02:36:28.000Z	3400
2021-12-19T02:36:33.000Z	3800
2021-12-19T02:36:38.000Z	3800
2021-12-19T02:36:43.000Z	3900
2021-12-19T02:36:48.000Z	3500
2021-12-19T02:36:53.000Z	4000
2021-12-19T02:36:58.000Z	4100
2021-12-19T02:37:03.000Z	4000
2021-12-19T02:37:08.000Z	3900
2021-12-19T02:37:13.000Z	3900
2021-12-19T02:37:18.000Z	4000
2021-12-19T02:37:23.000Z	4200
2021-12-19T02:37:28.000Z	3700
2021-12-19T02:37:33.000Z	3200
2021-12-19T02:37:38.000Z	3400
2021-12-19T02:37:43.000Z	3600
2021-12-19T02:37:48.000Z	3800
2021-12-19T02:37:53.000Z	3500
2021-12-19T02:37:58.000Z	3500
2021-12-19T02:38:03.000Z	3400
2021-12-19T02:38:08.000Z	3500
2021-12-19T02:38:13.000Z	3800
2021-12-19T02:38:18.000Z	3500
2021-12-19T02:38:23.000Z	3500
2021-12-19T02:38:28.000Z	3600
2021-12-19T02:38:33.000Z	3900
2021-12-19T02:38:38.000Z	3900
2021-12-19T02:38:43.000Z	4200
2021-12-19T02:38:48.000Z	4200
2021-12-19T02:38:53.000Z	4000
2021-12-19T02:38:58.000Z	3900
2021-12-19T02:39:03.000Z	4000
2021-12-19T02:39:08.000Z	4000
2021-12-19T02:39:13.000Z	3800
2021-12-19T02:39:18.000Z	4000
2021-12-19T02:39:23.000Z	3700
2021-12-19T02:39:28.000Z	3900
2021-12-19T02:39:33.000Z	4000
2021-12-19T02:39:38.000Z	4000
2021-12-19T02:39:43.000Z	3900
2021-12-19T02:39:48.000Z	3600
2021-12-19T02:39:53.000Z	3800
2021-12-19T02:39:58.000Z	3800
2021-12-19T02:40:03.000Z	4200
2021-12-19T02:40:08.000Z	4100
2021-12-19T02:40:13.000Z	4000
2021-12-19T02:40:18.000Z	3900
2021-12-19T02:40:23.000Z	4000
2021-12-19T02:40:28.000Z	3900
2021-12-19T02:40:33.000Z	3700
2021-12-19T02:40:38.000Z	3900
2021-12-19T02:40:44.000Z	4200
2021-12-19T02:40:49.000Z	4600
2021-12-19T02:40:54.000Z	4600
2021-12-19T02:40:59.000Z	4600
2021-12-19T02:41:04.000Z	4000
2021-12-19T02:41:09.000Z	4200
2021-12-19T02:41:14.000Z	4100
2021-12-19T02:41:19.000Z	4000
2021-12-19T02:41:24.000Z	4100
2021-12-19T02:41:29.000Z	4300
2021-12-19T02:41:34.000Z	4200
2021-12-19T02:41:39.000Z	4000
2021-12-19T02:41:44.000Z	3700
2021-12-19T02:41:49.000Z	3400
2021-12-19T02:41:54.000Z	3200
2021-12-19T02:41:59.000Z	3200
2021-12-19T02:42:04.000Z	3300
2021-12-19T02:42:09.000Z	2900
2021-12-19T02:42:14.000Z	2900
2021-12-19T02:42:19.000Z	3400
2021-12-19T02:42:24.000Z	3100
2021-12-19T02:42:29.000Z	2800
2021-12-19T02:42:34.000Z	2900
2021-12-19T02:42:39.000Z	2800
2021-12-19T02:42:44.000Z	2400
2021-12-19T02:42:49.000Z	2700
2021-12-19T02:42:54.000Z	2800
2021-12-19T02:42:59.000Z	2700
2021-12-19T02:43:04.000Z	2700
2021-12-19T02:43:09.000Z	3000
2021-12-19T02:43:14.000Z	3400
2021-12-19T02:43:19.000Z	3100
2021-12-19T02:43:24.000Z	3400
2021-12-19T02:43:29.000Z	3400
2021-12-19T02:43:34.000Z	3300
2021-12-19T02:43:39.000Z	3200
2021-12-19T02:43:44.000Z	3400
2021-12-19T02:43:49.000Z	3700
2021-12-19T02:43:54.000Z	3600
2021-12-19T02:43:59.000Z	3800
2021-12-19T02:44:04.000Z	4000
2021-12-19T02:44:09.000Z	3800
2021-12-19T02:44:14.000Z	3500
2021-12-19T02:44:19.000Z	3700
2021-12-19T02:44:24.000Z	3600
2021-12-19T02:44:29.000Z	4000
2021-12-19T02:44:34.000Z	4500
2021-12-19T02:44:40.000Z	4600
2021-12-19T02:44:45.000Z	4500
2021-12-19T02:44:50.000Z	4300
2021-12-19T02:44:55.000Z	4600
2021-12-19T02:45:00.000Z	4600
2021-12-19T02:45:05.000Z	4400
2021-12-19T02:45:10.000Z	4400
2021-12-19T02:45:15.000Z	4400
2021-12-19T02:45:20.000Z	4100
2021-12-19T02:45:25.000Z	4200
2021-12-19T02:45:30.000Z	3900
2021-12-19T02:45:35.000Z	3500
2021-12-19T02:45:40.000Z	3300
2021-12-19T02:45:45.000Z	3700
2021-12-19T02:45:50.000Z	3800
2021-12-19T02:45:55.000Z	3400
2021-12-19T02:46:00.000Z	3400
2021-12-19T02:46:05.000Z	3400
2021-12-19T02:46:10.000Z	3500
2021-12-19T02:46:15.000Z	3700
2021-12-19T02:46:20.000Z	3900
2021-12-19T02:46:25.000Z	4200
2021-12-19T02:46:30.000Z	4200
2021-12-19T02:46:35.000Z	4100
2021-12-19T02:46:40.000Z	4300
2021-12-19T02:46:45.000Z	4000
2021-12-19T02:46:50.000Z	4000
2021-12-19T02:46:55.000Z	4000
2021-12-19T02:47:00.000Z	3800
2021-12-19T02:47:05.000Z	3800
2021-12-19T02:47:10.000Z	3900
2021-12-19T02:47:15.000Z	3700
2021-12-19T02:47:20.000Z	3800
2021-12-19T02:47:25.000Z	3500
2021-12-19T02:47:30.000Z	3400
2021-12-19T02:47:35.000Z	3300
2021-12-19T02:47:40.000Z	3300
2021-12-19T02:47:45.000Z	3100
2021-12-19T02:47:50.000Z	2500
2021-12-19T02:47:55.000Z	2800
2021-12-19T01:56:13.000Z	3400
2021-12-19T01:56:18.000Z	3300
2021-12-19T01:56:23.000Z	3200
2021-12-19T01:56:28.000Z	3200
2021-12-19T01:56:33.000Z	3300
2021-12-19T01:56:38.000Z	3500
2021-12-19T01:56:43.000Z	3800
2021-12-19T01:56:48.000Z	3600
2021-12-19T01:56:53.000Z	3400
2021-12-19T01:56:58.000Z	3500
2021-12-19T01:57:03.000Z	3400
2021-12-19T01:57:08.000Z	3300
2021-12-19T01:57:13.000Z	3400
2021-12-19T01:57:18.000Z	3700
2021-12-19T01:57:23.000Z	3900
2021-12-19T01:57:28.000Z	4100
2021-12-19T01:57:33.000Z	4200
2021-12-19T01:57:38.000Z	4100
2021-12-19T01:57:43.000Z	3700
2021-12-19T01:57:48.000Z	4100
2021-12-19T01:57:53.000Z	3900
2021-12-19T01:57:58.000Z	4000
2021-12-19T01:58:04.000Z	4300
2021-12-19T01:58:09.000Z	4700
2021-12-19T01:58:14.000Z	4400
2021-12-19T01:58:19.000Z	4000
2021-12-19T01:58:24.000Z	3700
2021-12-19T01:58:29.000Z	3500
2021-12-19T01:58:34.000Z	3400
2021-12-19T01:58:39.000Z	3300
2021-12-19T01:58:44.000Z	3400
2021-12-19T01:58:49.000Z	3200
2021-12-19T01:58:54.000Z	3400
2021-12-19T01:58:59.000Z	3400
2021-12-19T01:59:04.000Z	3400
2021-12-19T01:59:09.000Z	2900
2021-12-19T01:59:14.000Z	3100
2021-12-19T01:59:19.000Z	3100
2021-12-19T01:59:24.000Z	3300
2021-12-19T01:59:29.000Z	3200
2021-12-19T01:59:34.000Z	3200
2021-12-19T01:59:39.000Z	3000
2021-12-19T01:59:44.000Z	3000
2021-12-19T01:59:49.000Z	3100
2021-12-19T01:59:54.000Z	3000
2021-12-19T01:59:59.000Z	3100
2021-12-19T02:00:04.000Z	3100
2021-12-19T02:00:09.000Z	3100
2021-12-19T02:00:14.000Z	2900
2021-12-19T02:00:19.000Z	3200
2021-12-19T02:00:24.000Z	3200
2021-12-19T02:00:29.000Z	3400
2021-12-19T02:00:34.000Z	3300
2021-12-19T02:00:39.000Z	3700
2021-12-19T02:00:44.000Z	3700
2021-12-19T02:00:49.000Z	3800
2021-12-19T02:00:54.000Z	3700
2021-12-19T02:00:59.000Z	3500
2021-12-19T02:01:04.000Z	3400
2021-12-19T02:01:09.000Z	3500
2021-12-19T02:01:14.000Z	3500
2021-12-19T02:01:19.000Z	3400
2021-12-19T02:01:24.000Z	3400
2021-12-19T02:01:29.000Z	3700
2021-12-19T02:01:34.000Z	3900
2021-12-19T02:01:39.000Z	3400
2021-12-19T02:01:44.000Z	3500
2021-12-19T02:01:49.000Z	3100
2021-12-19T02:01:54.000Z	3400
2021-12-19T02:01:59.000Z	3300
2021-12-19T02:02:04.000Z	3200
2021-12-19T02:02:09.000Z	3100
2021-12-19T02:02:14.000Z	3100
2021-12-19T02:02:20.000Z	3000
2021-12-19T02:02:25.000Z	2900
2021-12-19T02:02:30.000Z	2300
2021-12-19T02:02:35.000Z	2700
2021-12-19T02:02:40.000Z	3000
2021-12-19T02:02:45.000Z	3200
2021-12-19T02:02:50.000Z	3200
2021-12-19T02:02:55.000Z	3300
2021-12-19T02:03:00.000Z	3600
2021-12-19T02:03:05.000Z	3800
2021-12-19T02:03:10.000Z	4100
2021-12-19T02:03:15.000Z	4200
2021-12-19T02:03:20.000Z	4300
2021-12-19T02:03:25.000Z	4500
2021-12-19T02:03:30.000Z	4900
2021-12-19T02:03:35.000Z	4500
2021-12-19T02:03:40.000Z	4800
2021-12-19T02:03:45.000Z	4400
2021-12-19T02:03:50.000Z	4500
2021-12-19T02:03:55.000Z	4700
2021-12-19T02:04:00.000Z	4600
2021-12-19T02:04:05.000Z	4300
2021-12-19T02:04:10.000Z	3800
2021-12-19T02:04:15.000Z	4400
2021-12-19T02:04:20.000Z	4300
2021-12-19T02:04:25.000Z	4100
2021-12-19T02:04:30.000Z	3900
2021-12-19T02:04:35.000Z	3700
2021-12-19T02:04:40.000Z	3400
2021-12-19T02:04:45.000Z	3500
2021-12-19T02:04:50.000Z	3800
2021-12-19T02:04:55.000Z	3600
2021-12-19T02:05:00.000Z	3600
2021-12-19T02:05:05.000Z	4000
2021-12-19T02:05:10.000Z	4500
2021-12-19T02:05:15.000Z	4300
2021-12-19T02:05:20.000Z	4300
2021-12-19T02:05:25.000Z	4200
2021-12-19T02:05:30.000Z	4500
2021-12-19T02:05:35.000Z	4500
2021-12-19T02:05:40.000Z	4600
2021-12-19T02:05:45.000Z	4600
2021-12-19T02:05:50.000Z	4400
2021-12-19T02:05:56.000Z	4000
2021-12-19T02:06:01.000Z	4200
2021-12-19T02:06:05.000Z	4000
2021-12-19T02:06:10.000Z	3600
2021-12-19T02:06:15.000Z	3100
2021-12-19T02:06:20.000Z	3100
2021-12-19T02:06:25.000Z	3600
2021-12-19T02:13:12.000Z	3500
2021-12-19T02:13:17.000Z	3500
2021-12-19T02:13:22.000Z	3600
2021-12-19T02:13:27.000Z	3700
2021-12-19T02:13:32.000Z	3600
2021-12-19T02:13:37.000Z	3800
2021-12-19T02:13:42.000Z	4100
2021-12-19T02:13:47.000Z	4300
2021-12-19T02:13:52.000Z	4200
2021-12-19T02:13:57.000Z	4200
2021-12-19T02:14:02.000Z	3800
2021-12-19T02:14:07.000Z	3800
2021-12-19T02:14:12.000Z	3700
2021-12-19T02:14:17.000Z	3800
2021-12-19T02:14:22.000Z	3800
2021-12-19T02:14:27.000Z	3400
2021-12-19T02:14:32.000Z	3400
2021-12-19T02:14:37.000Z	3100
2021-12-19T02:14:42.000Z	2700
2021-12-19T02:14:47.000Z	2500
2021-12-19T02:14:52.000Z	2800
2021-12-19T02:14:57.000Z	2900
2021-12-19T02:15:02.000Z	3400
2021-12-19T02:15:07.000Z	3200
2021-12-19T02:15:12.000Z	3100
2021-12-19T02:15:17.000Z	3200
2021-12-19T02:15:22.000Z	3400
2021-12-19T02:15:28.000Z	3500
2021-12-19T02:15:33.000Z	3900
2021-12-19T02:15:38.000Z	4000
2021-12-19T02:15:43.000Z	4600
2021-12-19T02:15:48.000Z	4900
2021-12-19T02:15:53.000Z	4600
2021-12-19T02:15:58.000Z	4400
2021-12-19T02:16:03.000Z	4100
2021-12-19T02:16:08.000Z	4500
2021-12-19T02:16:13.000Z	4300
2021-12-19T02:16:18.000Z	4000
2021-12-19T02:16:23.000Z	3600
2021-12-19T02:16:28.000Z	3700
2021-12-19T02:16:33.000Z	3400
2021-12-19T02:16:38.000Z	3600
2021-12-19T02:16:43.000Z	3500
2021-12-19T02:16:48.000Z	3300
2021-12-19T02:49:46.000Z	3400
2021-12-19T02:49:51.000Z	3200
2021-12-19T02:49:56.000Z	3400
2021-12-19T02:50:01.000Z	3500
2021-12-19T02:50:06.000Z	3500
2021-12-19T02:50:11.000Z	3600
2021-12-19T02:50:16.000Z	3500
2021-12-19T02:50:21.000Z	3400
2021-12-19T02:50:26.000Z	3100
2021-12-19T02:50:31.000Z	2700
2021-12-19T02:50:36.000Z	2500
2021-12-19T02:50:41.000Z	2700
2021-12-19T02:50:46.000Z	2700
2021-12-19T02:50:51.000Z	2800
2021-12-19T02:50:56.000Z	2800
2021-12-19T02:51:01.000Z	3200
2021-12-19T02:51:06.000Z	3600
2021-12-19T02:51:11.000Z	3500
2021-12-19T02:51:16.000Z	3600
2021-12-19T02:51:21.000Z	3900
2021-12-19T02:51:26.000Z	4100
2021-12-19T02:51:31.000Z	4300
2021-12-19T02:16:53.000Z	3700
2021-12-19T02:16:58.000Z	3900
2021-12-19T02:17:03.000Z	4100
2021-12-19T02:17:08.000Z	3500
2021-12-19T02:17:13.000Z	3700
2021-12-19T02:17:18.000Z	3600
2021-12-19T02:17:23.000Z	3700
2021-12-19T02:17:28.000Z	3700
2021-12-19T02:17:33.000Z	4000
2021-12-19T02:17:38.000Z	3500
2021-12-19T02:17:43.000Z	3300
2021-12-19T02:17:48.000Z	3300
2021-12-19T02:17:53.000Z	2800
2021-12-19T02:17:58.000Z	2700
2021-12-19T02:18:03.000Z	2700
2021-12-19T02:18:08.000Z	3000
2021-12-19T02:18:13.000Z	3200
2021-12-19T02:18:18.000Z	3200
2021-12-19T02:18:23.000Z	3200
2021-12-19T02:48:00.000Z	3200
2021-12-19T02:48:05.000Z	3100
2021-12-19T02:48:10.000Z	2900
2021-12-19T02:48:15.000Z	3000
2021-12-19T02:48:20.000Z	2700
2021-12-19T02:48:25.000Z	2500
2021-12-19T02:48:30.000Z	2400
2021-12-19T02:48:35.000Z	2600
2021-12-19T02:48:40.000Z	2900
2021-12-19T02:48:45.000Z	3100
2021-12-19T02:48:51.000Z	3500
2021-12-19T02:48:56.000Z	3100
2021-12-19T02:49:01.000Z	2600
2021-12-19T02:49:06.000Z	2600
2021-12-19T02:49:11.000Z	2700
2021-12-19T02:49:16.000Z	2800
2021-12-19T02:49:21.000Z	2800
2021-12-19T02:49:26.000Z	3200
2021-12-19T02:49:31.000Z	3500
2021-12-19T02:49:36.000Z	3700
2021-12-19T02:49:41.000Z	3400
